<?xml version="1.0" encoding="UTF-8"?>
<project-private xmlns="http://www.netbeans.org/ns/project-private/1">
    <editor-bookmarks xmlns="http://www.netbeans.org/ns/editor-bookmarks/2" lastBookmarkId="0"/>
    <open-files xmlns="http://www.netbeans.org/ns/projectui-open-files/2">
        <group>
            <file>file:/Users/apple/NetBeansProjects/FinalProje/web/Home/Content.xhtml</file>
            <file>file:/Users/apple/NetBeansProjects/FinalProje/web/Home/Artists/Layout.xhtml</file>
            <file>file:/Users/apple/NetBeansProjects/FinalProje/src/java/admin/controller/Dashboard.java</file>
            <file>file:/Users/apple/NetBeansProjects/FinalProje/src/java/Home/controller/UserBean.java</file>
            <file>file:/Users/apple/NetBeansProjects/FinalProje/web/Home/Layout.xhtml</file>
        </group>
    </open-files>
</project-private>
